stars,comment
3.0 out of 5 stars,"









  
  
    
  Material is good but the peacock print fades when washed

  
"
5.0 out of 5 stars,"









  
  
    
  The saree has repeatedly folded.  Though I like the product and price.

  
"
5.0 out of 5 stars,"









  
  
    
  Excellent saree at this price. Liked the colour, the design and material very much. Saree looks premium and wife is very happy to use it.

  
"
5.0 out of 5 stars,"









  
  
    
  Very good Saree @ 449, will reorder.. Strongly recommend..

  
"
5.0 out of 5 stars,"









  
  
    
  I like this very much really its amazing good value for money

  
"
1.0 out of 5 stars,"









  
  
    
  Fake value shown.Product cost was 459 but when he try to book the additional 100rs charged on the name of packing and tax. And product received in normal plastic.

  
"
5.0 out of 5 stars,"









  
  
    
  U know why I have started shopping here because whatever in the pic it was shown same to same product I have received. Really it is a very nice sari with nice texture. I really appreciate your genuineness. Thanks.

  
"
5.0 out of 5 stars,"









  
  
    
  I love this sari very much.. Colour combination is awesome.. Super soft fabric ND lightweight .. üòçüòçüòçüòç..go for this

  
"
2.0 out of 5 stars,"









  
  
    
  The saree quality and print are same as shown in the picture but i received a wrong color. So I gonna change my saree üò°üò°Its makes me feel disappointed when I uncovered the packageüò§üò§

  
"
4.0 out of 5 stars,"









  
  
    
  Nice design. Color slightly dark than the picture that is displayed but superb saree .......!

  
"
5.0 out of 5 stars,"









  
  
    
  Saree looks exactly shown in the pictures. It is not Silk cotton material, but a kind of synthetic material. Only the dark blue border is satin kind of soft material. Bought it to gift to someone. Golden printed peacock might not last after wash. But for this price, it is ok to buy.

  
"
4.0 out of 5 stars,"









  
  
    
  Good one value only for money no long Lasting use cloth is very ok ... But it's ok for the mentioned price

  
"
1.0 out of 5 stars,"









  
  
    
  Not worth, While opened packet printed designs are in fallen in packets. With Sure that after one wash printed saree will be plain saaree ;)

  
"
5.0 out of 5 stars,"









  
  
    
  I like this product color and i liked very much about this product packing. and more over this saree is good liked by every person and come to the main point is price of this Silk Saree. This Saree is not much expensive. but compare to whole product I am impressed so much by this product price.Thank You Amazon for giving this product in less price.

  
"
3.0 out of 5 stars,"









  
  
    
  The golden design is printed on the cloth, definitely will not last long. Pl don't call it banarsi.  Pictures tell a different story n product is very different.

  
"
3.0 out of 5 stars,"









  
  
    
  Product not as expected it has silk material not Mix coton.I am Not Satisfied tWith the product

  
"
5.0 out of 5 stars,"









  
  
    
  Very nice one ordered for my mother she is very happy with it. You can use any blouse color as they have 4 colors in saree

  
"
3.0 out of 5 stars,"









  
  
    
  Received as shown in the picture...But the print will fade off after 1 or 2 washes...it's better not to wash...no blouse piece

  
"
5.0 out of 5 stars,"









  
  
    
  If there was a rating for blouse piece i would give 3 only ...either the cloth is good .....with good design ..... the peacock on border is bigger making it look wide border and on the other part its small making it a good combination

  
"
5.0 out of 5 stars,"









  
  
    
  Excellent productJust the way it looks in the picNot sure about how it looks after a washBut really a good product and worth the price

  
"
4.0 out of 5 stars,"









  
  
    
  The product colour and design is the same.  But it's not cotton, not silk, not cotton silk.

  
"
3.0 out of 5 stars,"









  
  
    
  the fabric is soft but the foil print may goes off after wash

  
"
5.0 out of 5 stars,"









  
  
    
  Worth money.Good colour and design.

  
"
4.0 out of 5 stars,"









  
  
    
  Super Saree. Will look good with a Bulb Shoulder.

  
"
4.0 out of 5 stars,"









  
  
    
  Received a different colour combination than I ordered. That is disappointing. But cloth quality is good.

  
"
5.0 out of 5 stars,"









  
  
    
  Good

  
"
2.0 out of 5 stars,"









  
  
    
  Very poor quilty materialAnd also the item looks like a lot of times returned product

  
"
5.0 out of 5 stars,"









  
  
    
  No word to say ...  I bought it only for 400 .. and it is really awesome saree ...  Material is very nice ( gives look like silk).....  Just go for it üòçüòçüòçüòç

  
"
3.0 out of 5 stars,"









  
  
    
  That straw is little bit small and 1 yr old kid couldn't use this. Kid is not comfortable on this

  
"
2.0 out of 5 stars,"









  
  
    
  Fabric is not good. Buy any other fabric, like pure cotton or fabric that may last long. This fabric wouldn't last long, you can wear maximum 5 times

  
"
5.0 out of 5 stars,"









  
  
    
  Best ever saree, best colour combinations, awesome quality, i was shocked when i see it.....after delivered, i gifted it to my Mom‚ù§Ô∏è. If you find the best gift for your special one, give this saree to her......i know she will like it ü•∞‚ù§Ô∏è THANK UH #FLIPKART!!

  
"
5.0 out of 5 stars,"









  
  
    
  I gifted this Saree to my mom.. She loved it so much...  Material was so nice... Colors also very good as shown as in that picture.

  
"
1.0 out of 5 stars,"









  
  
    
  Saree is okk but price is very high my cousin bought same saree from meesho 320 and me at 500+ üòû

  
"
4.0 out of 5 stars,"









  
  
    
  Very nice material... and the colour is also very good

  
"
1.0 out of 5 stars,"









  
  
    
  Don't buy it. Worst Saree ever I bought online..never expected such product from amazon that design you see will fade in just one wash.  That's varnish you see it'll fade in just one wash. Waste of money

  
"
3.0 out of 5 stars,"









  
  
    
  The product quality is not very good but it is value for money in this price shagment.it is not so good as I want.

  
"
1.0 out of 5 stars,"









  
  
    
  Very bad quality of this saree. Has lipstick mark on it looks like used saree and design are not permanent even color is different from the picture it shown .

  
"
3.0 out of 5 stars,"









  
  
    
  This saree is looking good. But damaged at blouse piece place.

  
"
1.0 out of 5 stars,"









  
  
    
  What is showing in picture not really like this very third class products..

  
"
4.0 out of 5 stars,"









  
  
    
  Good product received the same as like picture said. Fabric are good üëå

  
"
1.0 out of 5 stars,"









  
  
    
  Very cheap quality.... don't buy this

  
"
4.0 out of 5 stars,"









  
  
    
  Okay

  
"
4.0 out of 5 stars,"









  
  
    
  sare too good...but u think the print will shade out..

  
"
3.0 out of 5 stars,"









  
  
    
  Not meeting described criteria.

  
"
4.0 out of 5 stars,"









  
  
    
  Worth for money

  
"
1.0 out of 5 stars,"









  
  
    
  they have not delivered the same colour in the picture shown. but still my wife felt to accept it.may be because of the emotions towards the sarre.

  
"
2.0 out of 5 stars,"









  
  
    
  Bad quality

  
"
3.0 out of 5 stars,"









  
  
    
  Good products

  
"
5.0 out of 5 stars,"









  
  
    
  Good

  
"
1.0 out of 5 stars,"









  
  
    
  Saree is good but got damaged product

  
"
5.0 out of 5 stars,"









  
  
    
  Awesome saree at this price

  
"
3.0 out of 5 stars,"









  
  
    
  Nice product soft and colourfulBut still damaged at one place

  
"
2.0 out of 5 stars,"









  
  
    
  All prints washed away after the first wash.. Do not gift, it brings embaresment...

  
"
4.0 out of 5 stars,"









  
  
    
  Comfortable fabric and light weight with unique color.got a nice dress finally

  
"
1.0 out of 5 stars,"









  
  
    
  Wast of money don't buy it

  
"
5.0 out of 5 stars,"









  
  
    
  It's good material in this price segment

  
"
5.0 out of 5 stars,"









  
  
    
  Best saree ever ....buy it ... without dout

  
"
5.0 out of 5 stars,"









  
  
    
  Super cloth and saree was too good

  
"
5.0 out of 5 stars,"









  
  
    
  Good

  
"
4.0 out of 5 stars,"









  
  
    
  The peacock print gone after 1 wash waste of money

  
"
4.0 out of 5 stars,"









  
  
    
  Saree looks exactly same as in the pic. Fabric is soft , length is perfect, colour is also very nice as shown in pic.Worth the money. Can buy this sareeüëå

  
"
2.0 out of 5 stars,"









  
  
    
  The product was recieved and was found damagedProduct can be checked before shipping

  
"
1.0 out of 5 stars,"









  
  
    
  Bad quality.  Not upto the cost. The print doesn't lasts long... Not as colorful as shown in the picture... didn't expected this from amazon..

  
"
1.0 out of 5 stars,"









  
  
    
  Third class print quality

  
"
3.0 out of 5 stars,"









  
  
    
  I like Amazon Shopping and different colour and collection

  
"
1.0 out of 5 stars,"









  
  
    
  The saree is good but peacock design is went in one wash don't buy this worst product.

  
"
4.0 out of 5 stars,"









  
  
    
  Good with the price range

  
"
5.0 out of 5 stars,"









  
  
    
  Light weight, good party wear, value for money

  
"
5.0 out of 5 stars,"








  
  Your browser does not support HTML5 video.
"
5.0 out of 5 stars,"









  
  
    
  Excellent quality, we love the saree. Worth it. Go for it.

  
"
4.0 out of 5 stars,"









  
  
    
  Good

  
"
5.0 out of 5 stars,"









  
  
    
  The Saree is value for budget I had gifted 5his to mother in law on  my in laws wedding Anniversary, she just loved it as it was light weight and looking good

  
"
5.0 out of 5 stars,"









  
  
    
  saree fabric and its cloth quality is good. and saree length is full. easy washable color quality is also good

  
"
5.0 out of 5 stars,"









  
  
    
  I like very much...it's so soooo beautiful for this budget. Color and print it's very good.cloth also soo good.and comfortable for wearing.

  
"
5.0 out of 5 stars,"









  
  
    
  This saree is very beautiful. I just love the fabric. It's very sift and elegant. It looks beautiful on me. The colorful patterns makes it more beautiful and diffrent from the other pieces. Loved it a lot.

  
"
5.0 out of 5 stars,"








  
  Your browser does not support HTML5 video.










  
  
    
  ¬†This saree quality is very good I am happy

  
"
1.0 out of 5 stars,"









  
  
    
  This is oil paint printed saree ....we expect a work printed but not, finishing of print in not so good...just like a hand printed machineThe cost of saree is to high as according to material used.

  
"
1.0 out of 5 stars,"









  
  
    
  Not good, shimmery. Everything will be glued to your body after wearing or it will be gone after washing it. Received wrong color also. Returned it

  
"
1.0 out of 5 stars,"









  
  
    
  Saree quality was worst. As I invested good amount and I trusted on Amazon but I couldn't expect that Amazon will deliver this worst quality. After one wash all print got vanished saree length got smallIt's disgusting.

  
"
5.0 out of 5 stars,"









  
  
    
  Beautiful color, cloth quality and this saree is the gift for someone....Saree is more beautiful than the photos. Thanks Amazon for providing such a great quality service in this pandemic.This saree was a true surprise! It's so beautiful and price is so reasonable. Go for it!

  
"
3.0 out of 5 stars,"









  
  
    
  Not exactly as on photo, but ok to purchase on this this price.

  
"
3.0 out of 5 stars,"









  
  
    
  Small can't use for blouse

  
"
1.0 out of 5 stars,"









  
  
    
  Jakari product , pore found on cloth unexpected product.

  
"
2.0 out of 5 stars,"









  
  
    
  Look wise good but print quality on saree is not good.after one wash print is faded.Overall not satisfied.

  
"
5.0 out of 5 stars,"









  
  
    
  Same as shown in photos......thank you amazon and seller

  
"
4.0 out of 5 stars,"









  
  
    
  Saree is same as image, nice and beutiful saree in this rate

  
"
5.0 out of 5 stars,"









  
  
    
  Best

  
"
3.0 out of 5 stars,"









  
  
    
  Not bad

  
"
5.0 out of 5 stars,"









  
  
    
  Fabric is good as expected..Fits in price

  
"
2.0 out of 5 stars,"









  
  
    
  Avarage quality product but value for money

  
"
1.0 out of 5 stars,"









  
  
    
  The work came out without even using it once. Received the saree without a border work as shown in the picture.

  
"
5.0 out of 5 stars,"









  
  
    
  Fantastic saree... It looks very elegant and beautiful.. just loved it...

  
"
5.0 out of 5 stars,"









  
  
    
  Product is light weight and more comfortable. Money is also reasonable.

  
"
1.0 out of 5 stars,"









  
  
    
  Don't buy the product defective piece

  
"
4.0 out of 5 stars,"









  
  
    
  Same as shown in picture colour is shining and loved very much price is perfectly fit

  
"
5.0 out of 5 stars,"









  
  
    
  Nice product. But the printed paint is vanishing.

  
"
1.0 out of 5 stars,"









  
  
    
  Very poor quality

  
"
5.0 out of 5 stars,"









  
  
    
  I bought it for my mother on mother's day eve n trust she jst luvs it, nice fabric ,same colour print as shown in photos, value for money

  
"
4.0 out of 5 stars,"









  
  
    
  Good as expected

  
"
2.0 out of 5 stars,"









  
  
    
  Pic me achchi dikhati ,colour dark chahiye ,Ghar me bheji thi to dull colour the

  
"
5.0 out of 5 stars,"









  
  
    
  Super

  
"
5.0 out of 5 stars,"









  
  
    
  Very nice , i like most

  
"
4.0 out of 5 stars,"









  
  
    
  I like this product, thats why i bought two from amazon, and i have happy that it delivers products on time‚ù§

  
"
5.0 out of 5 stars,"









  
  
    
  I like this saree Nd colour combination awesome,light weight ,very comfortable no expensive costüôèüôè

  
"
2.0 out of 5 stars,"









  
  
    
  Fabric quality is poor and color will be fade after one wash.

  
"
1.0 out of 5 stars,"









  
  
    
  I Orderd This Saree For My Sister. And The Fabric Of Cloth Is Not Good At All. And Also They Send Me Defected Product.

  
"
1.0 out of 5 stars,"









  
  
    
  Completely different from what was ordered..The quality is good but different product

  
"
5.0 out of 5 stars,"









  
  
    
  Party

  
"
1.0 out of 5 stars,"









  
  
    
  Worst ever purchase. Dhruvi Trendz selling used saree for such high prices. Guys dont ever try to purchase this products.

  
"
4.0 out of 5 stars,"









  
  
    
  Good material and colours as shown in picture.. nice to gift anyone

  
"
5.0 out of 5 stars,"









  
  
    
  Softness and good guality

  
"
5.0 out of 5 stars,"









  
  
    
  It's really awesome product, I got it as it's shown in the image.. Delivery before time. Really nice.

  
"
4.0 out of 5 stars,"









  
  
    
  Soft saree. I am returning this to buy the same saree as in this saree there was some defect.

  
"
5.0 out of 5 stars,"









  
  
    
  Excellent product. Reasonable price. Very comfortable in use. Light in weight. Wonderful product to use.

  
"
5.0 out of 5 stars,"









  
  
    
  Loved it

  
"
5.0 out of 5 stars,"









  
  
    
  Looks quite different from that given in the picture,though colour mentioned is matching ""purple"".Liked it.Thank you Amazon

  
"
5.0 out of 5 stars,"









  
  
    
  Nice colour loved the way it look. Good delivery and packagingüòçüòçüòçThank you Amazonüòòüòòüòò‚úå

  
"
5.0 out of 5 stars,"









  
  
    
  Saree is amazing mama loves it so much

  
"
3.0 out of 5 stars,"









  
  
    
  The saree is looking good but the gold colour design fade after wash.disappointed

  
"
5.0 out of 5 stars,"









  
  
    
  Superb saree.... My mom liked very much ..it is same as shown in picture......

  
"
1.0 out of 5 stars,"









  
  
    
  Don't buy this product.. Waste..

  
"
1.0 out of 5 stars,"









  
  
    
  It's printed saree very dull saree not same as pic

  
"
5.0 out of 5 stars,"









  
  
    
  Beautiful saree. Good print and bright colour. Satisfied

  
"
1.0 out of 5 stars,"









  
  
    
  Bad product

  
"
5.0 out of 5 stars,"









  
  
    
  Light weight,value for money and beautiful colour combinations

  
"
5.0 out of 5 stars,"









  
  
    
  Value for money

  
"
2.0 out of 5 stars,"









  
  
    
  No blouse with it

  
"
4.0 out of 5 stars,"









  
  
    
  Nice looking saree

  
"
3.0 out of 5 stars,"









  
  
    
  Just after one wash the design on saree goes off.

  
"
5.0 out of 5 stars,"









  
  
    
  Product is really good as well as the quality of cloth. Thanks Amazon ‚ù§Ô∏è

  
"
4.0 out of 5 stars,"









  
  
    
  Nice

  
"
4.0 out of 5 stars,"









  
  
    
  Product is very good,I like saree's colour and designs...the peacock design is very beautiful.

  
"
5.0 out of 5 stars,"









  
  
    
  Valuable iten

  
"
4.0 out of 5 stars,"









  
  
    
  Product is good but not as expected

  
"
4.0 out of 5 stars,"









  
  
    
  the product is good

  
"
1.0 out of 5 stars,"









  
  
    
  Money waste, print on the saree has gone in one wash, useless.

  
"
5.0 out of 5 stars,"









  
  
    
  Saree is nice

  
"
4.0 out of 5 stars,"









  
  
    
  Very nice saree

  
"
1.0 out of 5 stars,"









  
  
    
  Saree cloth nice,color OK, but print very bad.....

  
"
5.0 out of 5 stars,"









  
  
    
  Awesome and quality is superüëåüëåüëåüëå value for money and cloth is excellent

  
"
1.0 out of 5 stars,"









  
  
    
  Not original piece received...nd also not same as shown in picture totally differnt handlomm type saree fully scam ...worst

  
"
4.0 out of 5 stars,"









  
  
    
  Value for money.

  
"
5.0 out of 5 stars,"









  
  
    
  Fabric is good and light weight Saree With comfort.

  
"
4.0 out of 5 stars,"









  
  
    
  Good

  
"
2.0 out of 5 stars,"









  
  
    
  After one or two wash peacock wash out,,,very bad

  
"
5.0 out of 5 stars,"









  
  
    
  Best product, fabric is superb cost is also not to high, if one is saree lover than must try this. ...thAnk you for the best saari

  
"
5.0 out of 5 stars,"









  
  
    
  Quality was too Good...... Real Value for money

  
"
1.0 out of 5 stars,"









  
  
    
  Colour of the product was different  from the display.But now we are accepting  the same  and not returning .

  
"
5.0 out of 5 stars,"









  
  
    
  like it

  
"
1.0 out of 5 stars,"









  
  
    
  Very bad quality print. The design which was given on the saree is sticking to our hands. And the whole print will vanish after one wash

  
"
5.0 out of 5 stars,"









  
  
    
  Nice sareee‚ò∫üòç

  
"
4.0 out of 5 stars,"









  
  
    
  Multi color with design

  
"
5.0 out of 5 stars,"









  
  
    
  Good quality, and comfortable

  
"
2.0 out of 5 stars,"









  
  
    
  Not very good print of the saree removed by one wash

  
"
4.0 out of 5 stars,"









  
  
    
  BUT TOO HIGH PRICE.

  
"
5.0 out of 5 stars,"









  
  
    
  Good at this price

  
"
5.0 out of 5 stars,"









  
  
    
  It's really comfortable and light weightI buyed it for my mom and it was really good

  
"
2.0 out of 5 stars,"









  
  
    
  Saree is normal. Print is some area got faded

  
"
5.0 out of 5 stars,"









  
  
    
  very beautiful piece

  
"
1.0 out of 5 stars,"









  
  
    
  Very bed product

  
"
5.0 out of 5 stars,"









  
  
    
  This sariii is very good my mother was very liked this. Good febric.

  
"
5.0 out of 5 stars,"









  
  
    
  I'll gifted to my mom really looks great ü§©I love this thanks to Amazon

  
"
5.0 out of 5 stars,"









  
  
    
  Super saree.. I got number of compliments, really I like it

  
"
5.0 out of 5 stars,"









  
  
    
  Value for money . fabric,and saree quality is looks like handlooms. Overall in 500rs total is good. ‚ù§Ô∏èüß°üëçüëç

  
"
5.0 out of 5 stars,"









  
  
    
  Satisfied with the product. Light weight and value for money.

  
"
4.0 out of 5 stars,"









  
  
    
  Okay

  
"
5.0 out of 5 stars,"









  
  
    
  NiceBeutifulAffordable saree

  
"
4.0 out of 5 stars,"









  
  
    
  Gorgeous sareeJust loved itSame as shown in pik

  
"
5.0 out of 5 stars,"









  
  
    
  So good saari her fibre is so good .like a lot.

  
"
5.0 out of 5 stars,"









  
  
    
  I like too & so much comfortable,  extra long also price is in budget.

  
"
5.0 out of 5 stars,"









  
  
    
  Very good

  
"
4.0 out of 5 stars,"









  
  
    
  Very nice

  
"
4.0 out of 5 stars,"









  
  
    
  Nice

  
"
5.0 out of 5 stars,"









  
  
    
  Excellent Saree in this Price, Quality of cloth Very Good

  
"
4.0 out of 5 stars,"









  
  
    
  Saari is really awesome

  
"
5.0 out of 5 stars,"









  
  
    
  Very beautiful saree at this priceüòä

  
"
5.0 out of 5 stars,"









  
  
    
  It's soooooo pretty.I love this saree total value for money.üòäüëç

  
"
4.0 out of 5 stars,"









  
  
    
  Quality of the cloth is not bad..its light weight saree

  
"
4.0 out of 5 stars,"









  
  
    
  Oka ok not good not bad

  
"
5.0 out of 5 stars,"









  
  
    
  Light weight

  
"
4.0 out of 5 stars,"









  
  
    
  Exactly same piece as displayed in picture good to buy.. Worth

  
"
4.0 out of 5 stars,"









  
  
    
  Sharee quality and color was good

  
"
1.0 out of 5 stars,"









  
  
    
  Prints are fade away after one wash..

  
"
4.0 out of 5 stars,"









  
  
    
  Wowww Awsome

  
"
5.0 out of 5 stars,"









  
  
    
  Soft cotton Silk Saree Women Quality Very Good Beautiful

  
"
4.0 out of 5 stars,"









  
  
    
  Most beautiful product...I like most

  
"
5.0 out of 5 stars,"









  
  
    
  Price also good quality also good

  
"
4.0 out of 5 stars,"









  
  
    
  It's good,valued for money and colour is as expected...

  
"
3.0 out of 5 stars,"









  
  
    
  It is 5.5m length but blouse piece is missing. But any way product is nice and quality is good

  
"
1.0 out of 5 stars,"









  
  
    
  Bad Quality.

  
"
2.0 out of 5 stars,"









  
  
    
  I ordered because of peacock design but I got design of leaves . So some what disappointed üòí

  
"
4.0 out of 5 stars,"









  
  
    
  Its so so .

  
"
5.0 out of 5 stars,"









  
  
    
  Gr8

  
"
5.0 out of 5 stars,"









  
  
    
  Beautiful saree..good colour as shown in picture..love it

  
"
2.0 out of 5 stars,"









  
  
    
  Ok üôÇ

  
"
3.0 out of 5 stars,"









  
  
    
  Very soft nd very comfortable saree

  
"
2.0 out of 5 stars,"









  
  
    
  Blouse material is not there.. overall good

  
"
1.0 out of 5 stars,"









  
  
    
  material shrinks after first wash.

  
"
1.0 out of 5 stars,"









  
  
    
  Not as in the picture

  
"
3.0 out of 5 stars,"









  
  
    
  Fabric is nice . Colours are bright. Like the product very much .

  
"
5.0 out of 5 stars,"









  
  
    
  Good product as shown in photo ...like it ..thank you amazonüòäüòä

  
"
5.0 out of 5 stars,"









  
  
    
  Good product

  
"
1.0 out of 5 stars,"









  
  
    
  Material is good but golden print is very cheap and poor..

  
"
5.0 out of 5 stars,"









  
  
    
  I like it

  
"
2.0 out of 5 stars,"









  
  
    
  Duplicate prd

  
"
2.0 out of 5 stars,"









  
  
    
  Not link expect in pictures

  
"
5.0 out of 5 stars,"









  
  
    
  Perfect looks the same everything is perfect üòç

  
"
3.0 out of 5 stars,"









  
  
    
  Not too much better. But average

  
"
5.0 out of 5 stars,"









  
  
    
  Exactly same as picture..fabric is good.

  
"
1.0 out of 5 stars,"









  
  
    
  Very bad

  
"
4.0 out of 5 stars,"









  
  
    
  good

  
"
4.0 out of 5 stars,"









  
  
    
  Good product in this range

  
"
3.0 out of 5 stars,"









  
  
    
  Saree size is good and looks same as photo but length is small so we cannot stitch blouse piece from that.

  
"
1.0 out of 5 stars,"









  
  
    
  Print started coming out after one wear

  
"
5.0 out of 5 stars,"









  
  
    
  Its value for money also light weight... Must buy this saree

  
"
5.0 out of 5 stars,"









  
  
    
  Awesome saree.......... Value for money

  
"
5.0 out of 5 stars,"









  
  
    
  My mom loved it

  
"
5.0 out of 5 stars,"









  
  
    
  Perfect Saree

  
"
5.0 out of 5 stars,"









  
  
    
  It is fine and exactly as we expected of it.

  
"
5.0 out of 5 stars,"









  
  
    
  I like it....

  
"
1.0 out of 5 stars,"









  
  
    
  Saree is already used and toned

  
"
5.0 out of 5 stars,"









  
  
    
  Value for money

  
"
5.0 out of 5 stars,"









  
  
    
  Light weight

  
"
4.0 out of 5 stars,"









  
  
    
  Light weight very beautiful saree..

  
"
5.0 out of 5 stars,"









  
  
    
  Very very poor

  
"
5.0 out of 5 stars,"









  
  
    
  Nice and gorgeous product ü§©

  
"
5.0 out of 5 stars,"









  
  
    
  beutiful sari

  
"
5.0 out of 5 stars,"









  
  
    
  Saree is very pretty...soft and quality is quite good..

  
"
5.0 out of 5 stars,"









  
  
    
  Very much lite weight

  
"
1.0 out of 5 stars,"









  
  
    
  Quality is not good at all.

  
"
4.0 out of 5 stars,"









  
  
    
  Good product

  
"
3.0 out of 5 stars,"









  
  
    
  Fabric is just okay

  
"
5.0 out of 5 stars,"









  
  
    
  It's a beautiful saree.. amezing..must buy üëçüëçüëç

  
"
5.0 out of 5 stars,"









  
  
    
  Perfect ü•∞

  
"
5.0 out of 5 stars,"









  
  
    
  100% value of money

  
"
5.0 out of 5 stars,"









  
  
    
  Value for money.

  
"
4.0 out of 5 stars,"









  
  
    
  Good colour

  
"
1.0 out of 5 stars,"









  
  
    
  Very bad product dont buy it

  
"
5.0 out of 5 stars,"









  
  
    
  As shown

  
"
4.0 out of 5 stars,"









  
  
    
  Product quality was good. Delivery was in time.

  
"
4.0 out of 5 stars,"









  
  
    
  Good but paint will go off after one wash other wise it was nice

  
"
5.0 out of 5 stars,"









  
  
    
  Value for money I am very happy

  
"
1.0 out of 5 stars,"









  
  
    
  Don't buy this.Waste of money.

  
"
2.0 out of 5 stars,"









  
  
    
  Jost ok

  
"
5.0 out of 5 stars,"









  
  
    
  Nice saree

  
"
4.0 out of 5 stars,"









  
  
    
  Good

  
"
1.0 out of 5 stars,"









  
  
    
  Poor qualityVery bad.. cheating with inappropriate photo adds

  
"
3.0 out of 5 stars,"









  
  
    
  Average printed design

  
"
3.0 out of 5 stars,"









  
  
    
  Value for money product.

  
"
5.0 out of 5 stars,"









  
  
    
  Best Saree.... Confort... Quality cloth....

  
"
1.0 out of 5 stars,"









  
  
    
  The saree is not match with the pictures

  
"
5.0 out of 5 stars,"









  
  
    
  Good to wear for my mom... Happy with product.... Thanks....

  
"
5.0 out of 5 stars,"









  
  
    
  According to the price material of saree is amazing ü•∞ i love itüòç

  
"
5.0 out of 5 stars,"









  
  
    
  Superb

  
"
5.0 out of 5 stars,"









  
  
    
  Awesome

  
"
1.0 out of 5 stars,"









  
  
    
  This product saree is cheap quality material.

  
"
5.0 out of 5 stars,"









  
  
    
  Value of Money

  
"
5.0 out of 5 stars,"









  
    
  ‡Æö‡Æ∞‡Æø‡ÆØ‡Ææ‡Æ©‡Æ§‡ØÅ,  ‡Æµ‡Æø‡Æ≤‡Øà ‡ÆÆ‡Æ≤‡Æø‡Æµ‡ØÅ, ‡Æï‡Æö‡Øç‡Æö‡Æø‡Æ§‡ÆÆ‡Ææ‡Æï ‡Æá‡Æ∞‡ØÅ‡Æï‡Øç‡Æï‡ØÅ

  
  
"
4.0 out of 5 stars,"









  
  
    
  Good product, promptly delivered  by Amazon as usual

  
"
1.0 out of 5 stars,"









  
  
    
  Very poor quality. Don't buywaste of money

  
"
5.0 out of 5 stars,"









  
  
    
  Excellent

  
"
5.0 out of 5 stars,"









  
  
    
  Colours combination is very attractive looking

  
"
5.0 out of 5 stars,"









  
  
    
  Value for moneyComfortLight weight

  
"
4.0 out of 5 stars,"









  
  
    
  nice saree

  
"
5.0 out of 5 stars,"









  
  
    
  Looks very nice and beautiful

  
"
5.0 out of 5 stars,"









  
  
    
  Product is good

  
"
1.0 out of 5 stars,"









  
  
    
  Best product money value waste print waste colouring waste washing saree colour going

  
"
4.0 out of 5 stars,"









  
  
    
  Comfortable, beautiful, good.

  
"
2.0 out of 5 stars,"









  
  
    
  Waste of money . Don't buy this product.

  
"
2.0 out of 5 stars,"









  
  
    
  It's prints and color is OK but it is defected on aanchal. So am not happy with this product.

  
"
1.0 out of 5 stars,"









  
  
    
  Worst quality don‚Äôt buy from this seller , damaged item

  
"
2.0 out of 5 stars,"









  
  
    
  Value for money; The saree was torn at the ends

  
"
2.0 out of 5 stars,"









  
  
    
  Low qualit

  
"
4.0 out of 5 stars,"









  
  
    
  Super

  
"
5.0 out of 5 stars,"









  
  
    
  Nice

  
"
5.0 out of 5 stars,"









  
  
    
  Nice product

  
"
3.0 out of 5 stars,"









  
  
    
  Gd qoulity

  
"
5.0 out of 5 stars,"









  
  
    
  Nice

  
"
1.0 out of 5 stars,"









  
  
    
  Very poor and defective piece

  
"
1.0 out of 5 stars,"









  
  
    
  Weast product plz don't buy

  
"
5.0 out of 5 stars,"









  
  
    
  Value for money

  
"
4.0 out of 5 stars,"









  
  
    
  Very nice product... value for money...

  
"
5.0 out of 5 stars,"









  
  
    
  My wife

  
"
4.0 out of 5 stars,
3.0 out of 5 stars,"









  
  
    
  Print is not good

  
"
5.0 out of 5 stars,"









  
  
    
  Fabulous saree

  
"
5.0 out of 5 stars,"









  
  
    
  Best Quality

  
"
1.0 out of 5 stars,"









  
  
    
  6"" to 8""thread Cut  mark in saari

  
"
1.0 out of 5 stars,"









  
  
    
  Poor quality

  
"
5.0 out of 5 stars,"









  
  
    
  Really love itüëå

  
"
5.0 out of 5 stars,"









  
  
    
  I like this .... This came exactly same

  
"
5.0 out of 5 stars,"









  
  
    
  Great family wear

  
"
4.0 out of 5 stars,"









  
  
    
  Gud material

  
"
2.0 out of 5 stars,"









  
  
    
  The cloth was bad

  
"
4.0 out of 5 stars,"









  
  
    
  Brought it for my momIt's impressive

  
"
5.0 out of 5 stars,
5.0 out of 5 stars,
5.0 out of 5 stars,"









  
  
    
  Nice saree I love it same to same display febric awasam

  
"
5.0 out of 5 stars,"









  
  
    
  Quality is good

  
"
5.0 out of 5 stars,
3.0 out of 5 stars,"









  
  
    
  Quality is not good

  
"
1.0 out of 5 stars,"









  
  
    
  Only pic is looking good but saree on one buy

  
"
1.0 out of 5 stars,"









  
  
    
  Fabric nit so good

  
"
3.0 out of 5 stars,"









  
  
    
  Wrong colour came. Product is good but we ordered the blue one but the black one came.

  
"
1.0 out of 5 stars,"









  
  
    
  Wast product, don't buy this product fake

  
"
5.0 out of 5 stars,"









  
  
    
  Very good products,  I am so happy.....

  
"
5.0 out of 5 stars,"









  
  
    
  Nice products

  
"
4.0 out of 5 stars,"









  
  
    
  Nice

  
"
1.0 out of 5 stars,"









  
  
    
  Quantity is not good.

  
"
1.0 out of 5 stars,"









  
  
    
  The product is fake and photo is not same

  
"
5.0 out of 5 stars,"









  
  
    
  Nice saree

  
"
5.0 out of 5 stars,"









  
  
    
  Value for money

  
"
4.0 out of 5 stars,"









  
  
    
  Nice saree....

  
"
1.0 out of 5 stars,"









  
  
    
  Material not same as described .

  
"
5.0 out of 5 stars,"









  
  
    
  Nice

  
"
4.0 out of 5 stars,"









  
  
    
  Nice

  
"
5.0 out of 5 stars,"









  
  
    
  Nice .... colour superrr

  
"
5.0 out of 5 stars,"









  
  
    
  Fabulous

  
"
4.0 out of 5 stars,"









  
  
    
  Nice

  
"
5.0 out of 5 stars,"









  
  
    
  Nice value for money

  
"
5.0 out of 5 stars,"









  
  
    
  peacock model

  
"
4.0 out of 5 stars,"









  
  
    
  Quality is not so good

  
"
5.0 out of 5 stars,"









  
  
    
  Good product at this price.

  
"
1.0 out of 5 stars,"









  
  
    
  Cheep quality, don't waste money...

  
"
1.0 out of 5 stars,"









  
  
    
  Poor quality

  
"
4.0 out of 5 stars,"









  
  
    
  Look nice and good colour combination

  
"
1.0 out of 5 stars,"









  
  
    
  Very worst cloth not worthy for ‚Çπ200.plz don't buy the saree

  
"
5.0 out of 5 stars,"









  
  
    
  Good product at Cheap price

  
"
5.0 out of 5 stars,"









  
  
    
  Self

  
"
1.0 out of 5 stars,"









  
  
    
  Print quality issue

  
"
1.0 out of 5 stars,"









  
  
    
  Not gud

  
"
5.0 out of 5 stars,"









  
  
    
  Was as expected

  
"
5.0 out of 5 stars,"









  
  
    
  Very Beautiful

  
"
3.0 out of 5 stars,"









  
  
    
  Not Good

  
"
4.0 out of 5 stars,"









  
  
    
  Ok

  
"
3.0 out of 5 stars,"









  
  
    
  Good sarees

  
"
5.0 out of 5 stars,"









  
  
    
  Nice

  
"
3.0 out of 5 stars,"









  
  
    
  I like product.value for money.

  
"
1.0 out of 5 stars,"









  
  
    
  Very bad product...

  
"
5.0 out of 5 stars,"









  
  
    
  Very nice sari.. Loved it

  
"
5.0 out of 5 stars,"









  
  
    
  Its soooo beautiful saree

  
"
5.0 out of 5 stars,"









  
  
    
  Amazing sarees

  
"
1.0 out of 5 stars,"









  
  
    
  Bad

  
"
5.0 out of 5 stars,"









  
  
    
  Good

  
"
5.0 out of 5 stars,"









  
  
    
  Good quality

  
"
4.0 out of 5 stars,"









  
  
    
  width is little less . otherwise product is okay.

  
"
5.0 out of 5 stars,"









  
  
    
  It is so beautiful...

  
"
5.0 out of 5 stars,"









  
  
    
  Good product

  
"
4.0 out of 5 stars,"









  
  
    
  product is very good as per cost

  
"
5.0 out of 5 stars,"









  
  
    
  Superb

  
"
5.0 out of 5 stars,"









  
  
    
  I am satisfied with this product.

  
"
5.0 out of 5 stars,"









  
  
    
  Value for money

  
"
5.0 out of 5 stars,
4.0 out of 5 stars,"









  
  
    
  Good

  
"
5.0 out of 5 stars,"









  
  
    
  Nice

  
"
5.0 out of 5 stars,"









  
  
    
  Like

  
"
4.0 out of 5 stars,"









  
  
    
  Go for it

  
"
5.0 out of 5 stars,"









  
  
    
  Like it

  
"
1.0 out of 5 stars,"









  
  
    
  Product is not good

  
"
3.0 out of 5 stars,"









  
  
    
  Nice saree

  
"
5.0 out of 5 stars,"









  
  
    
  Super

  
"
3.0 out of 5 stars,"









  
  
    
  Liked

  
"
4.0 out of 5 stars,"









  
  
    
  Nice saree

  
"
4.0 out of 5 stars,"









  
  
    
  Beautiful

  
"
5.0 out of 5 stars,"









  
  
    
  Very nice product...

  
"
2.0 out of 5 stars,"









  
  
    
  Width chhoti h

  
"
1.0 out of 5 stars,"









  
  
    
  Poor quality

  
"
4.0 out of 5 stars,"









  
  
    
  Superb

  
"
2.0 out of 5 stars,"









  
  
    
  Product is not well

  
"
3.0 out of 5 stars,"









  
  
    
  Good

  
"
3.0 out of 5 stars,"









  
  
    
  Comfort

  
"
5.0 out of 5 stars,"









  
  
    
  Colour

  
"
4.0 out of 5 stars,"









  
  
    
  This is nice Saree look simple and sweet

  
"
3.0 out of 5 stars,"









  
  
    
  Its ok but we expectd more...

  
"
2.0 out of 5 stars,"









  
  
    
  No

  
"
1.0 out of 5 stars,"









  
  
    
  I like but saree colour is faded

  
"
4.0 out of 5 stars,"









  
  
    
  Very nice.

  
"
5.0 out of 5 stars,"









  
  
    
  Thanks

  
"
5.0 out of 5 stars,"









  
  
    
  Good

  
"
5.0 out of 5 stars,"









  
  
    
  Value for money

  
"
2.0 out of 5 stars,"









  
  
    
  Waste of  money

  
"
4.0 out of 5 stars,"









  
  
    
  Super

  
"
5.0 out of 5 stars,"









  
  
    
  Like

  
"
4.0 out of 5 stars,"









  
  
    
  Awesome product

  
"
2.0 out of 5 stars,"









  
  
    
  I suppose not to buy this product

  
"
1.0 out of 5 stars,"









  
  
    
  Fraudulent.

  
"
1.0 out of 5 stars,"









  
  
    
  Not worthfull

  
"
1.0 out of 5 stars,"









  
  
    
  Not worthy

  
"
4.0 out of 5 stars,"









  
  
    
  good

  
"
3.0 out of 5 stars,"









  
  
    
  Nice

  
"
1.0 out of 5 stars,"









  
  
    
  Product quality verry bad

  
"
2.0 out of 5 stars,"









  
  
    
  Poor quality

  
"
5.0 out of 5 stars,"









  
    
  ‡§Ö‡§§‡§ø‡§∏‡•Å‡§®‡•ç‡§¶‡§∞

  
  
"
4.0 out of 5 stars,"









  
  
    
  Super

  
"
1.0 out of 5 stars,"









  
  
    
  Waste of money

  
"
3.0 out of 5 stars,"









  
  
    
  Good one..

  
"
1.0 out of 5 stars,"









  
  
    
  Bad quality and prints

  
"
4.0 out of 5 stars,"









  
  
    
  good

  
"
5.0 out of 5 stars,"









  
  
    
  Very nice product

  
"
5.0 out of 5 stars,"









  
  
    
  Very nice fabric

  
"
3.0 out of 5 stars,"









  
  
    
  Nice product

  
"
5.0 out of 5 stars,"









  
  
    
  I like this product.

  
"
2.0 out of 5 stars,"









  
  
    
  Poor quality

  
"
3.0 out of 5 stars,"









  
  
    
  It's ok

  
"
5.0 out of 5 stars,"









  
  
    
  Superb saree with a beautiful A1 quality and colour is wonderful. Very very trustworthy. Its light weighted and very comfortable with a best purchase value. Must buy product.

  
"
5.0 out of 5 stars,"









  
  
    
  It looks amazing with glossy finish and too light to carry, happy with the quality , delivery and packing was also appreciable, overall experience with this saree is ery niceüëå

  
"
5.0 out of 5 stars,"









  
  
    
  It was a Christmas gift for my aunty.... she was very happy with it.... Light in weight.... Thanks to the team üòä

  
"
5.0 out of 5 stars,"









  
  
    
  I liked this product a lot....more than pic really it's very much beautiful..and if we wash the saree atleast 2 to 3 times the printing goes....but the combination of saree is very beautiful....üòòüòòüòçüëç

  
"
5.0 out of 5 stars,"









  
  
    
  Quality spatial printing sari degian lovely  and beautiful and beautiful and wonderful and comfortable product very nice and daily and party usful

  
"
1.0 out of 5 stars,"









  
  
    
  Saree is look like good but send to us damage saree üòèIf like this send how we order againToo bad feed up to us amazon order üòå

  
"
5.0 out of 5 stars,"









  
  
    
  Nice saree... Very comfort... Worth for money... And light weight saree.. Everyone can buy this saree.. Thank you for this saree

  
"
1.0 out of 5 stars,"









  
  
    
  Poor cloth different than image, I am very dissatisfied this product and seller, I am very unhappy from seller thanks.

  
"
5.0 out of 5 stars,"









  
  
    
  It's as such ok product. If want to buy good looking product in less money then it's perfect for it.

  
"
4.0 out of 5 stars,"









  
  
    
  Very nice.i bought it for my mom.she liked it and carry it on karvachauth.i am very happy.keep it up.beautiful.light weight.

  
"
1.0 out of 5 stars,"









  
  
    
  Print on this saree is likely to be washed off, that's why I m returning it

  
"
5.0 out of 5 stars,"









  
  
    
  Glossy & stylish look with quality material.. Bright colour combinations and prominent fabric peacock work.. Hats off..

  
"
5.0 out of 5 stars,"









  
  
    
  This saree is of amazing quality Its dries quickly and colour doesn't fades away after wash. Colour is bright which gives it a beautiful look. Worth buying at this price.For this rate, rich look and beautiful when i wore this saree look nice.Saree colour didn't fade away after wash. Cloth Material is also smooth .overall it's value for money.

  
"
5.0 out of 5 stars,"









  
  
    
  Didn't expect this to be so elegant and classy. Gifted it to a friend, she really liked it.

  
"
5.0 out of 5 stars,"









  
  
    
  Very nice

  
"
